NINTENDO GAME BOY GB - Baseball - JAPAN VERSION;32,90 EUR;+ 7,90 EUR de envío;
✨ Baseball Game Boy 1989 1st version Nintendo Japan Complet Boxed GB DMG-BSA ✨;29,90 EUR;+ 12,90 EUR de envío;desde Francia;
Baseball Game Boy USA;14,00 EUR;Envío gratis;desde Francia;
Baseball NTSC USA Nintendo Game Boy solo cartucho Leer Descripcion!;18,00 EUR;Envío gratis;
Power Pro Kun Pocket Baseball 3 - Game Boy Advance GBA JAP Japan complet;14,93 EUR;+ 11,00 EUR de envío;desde Francia;
Power Pro Kun Pocket Baseball 5 - Game Boy Advance GBA JAP Japan complet;14,93 EUR;+ 11,00 EUR de envío;desde Francia;
Power Pro Kun Pocket Baseball 7 - Game Boy Advance GBA JAP Japan complet;12,68 EUR;+ 11,00 EUR de envío;desde Francia;
✨ Baseball Kids Jaleco Game Boy 1990 Japan Complet Nintendo Boxed GB DMG-BKJ ✨;19,90 EUR;+ 12,90 EUR de envío;desde Francia;
Nintendo Game Boy Color - All-Star Baseball 2000 - PAL - EUR;7,99 EUR;+ 5,00 EUR de envío;desde Francia;
Nintendo Gameboy Advance juego-Major League Baseball 2k7 módulo;18,99 EUR;+ 4,99 EUR de envío;desde Alemania;
Baseball Game Boy Japan;5,00 EUR;+ 10,00 EUR de envío;desde Italia;
Baseball-Nintendo Game Boy-NTSC JAP-C-Ware;5,93 EUR;+ 1,09 EUR de envío;desde Austria;
Baseball-Nintendo Game Boy-NTSC JAP-B-Ware;6,26 EUR;+ 1,09 EUR de envío;desde Austria;
Baseball - Game Boy GB Nintendo - PAL;9,90 EUR;+ 13,70 EUR de envío;desde Italia;
Jeu HIGH HEAT Baseball 2002 sur Nintendo Game Boy Advance GBA NEUF sous blister;14,90 EUR;+ 12,90 EUR de envío;desde Francia;
Nintendo Gameboy Advance juego-High heat Major League Baseball 2003 jap módulo;19,99 EUR;+ 4,99 EUR de envío;desde Alemania;
MVP Baseball-Nintendo Game Boy-NTSC JAP-B-Ware;11,07 EUR;+ 0,99 EUR de envío;desde Austria;
High Heat Major League Baseball 2002 Game Boy Advance;6,90 EUR;+ 5,50 EUR de envío;desde Italia;
Game Boy GB:Baseball [TOP NINTENDO 1989 & 1ERE EDITION] Jap;4,90 EUR;+ 1,80 EUR de envío;desde Francia;
Baseball Nintendo Game Boy GB NTSC-J Región FREE Rare;9,99 EUR;+ 5,90 EUR de envío;
Baseball Kids DMG-BKJ cartucho Gameboy GB Japan leer;4,95 EUR;Envío gratis;
Mobile Pro Baseball - Game Boy Advance GBA Nintendo - JAP;19,90 EUR;+ 9,50 EUR de envío;desde Italia;
Triple Play 2001 | GameBoy Color🕹 | Baseball EA Sports;4,00 EUR;+ 3,50 EUR de envío;desde Países Bajos;
game boy Mario Baseball Classic Nintendo;13,00 EUR;+ 12,00 EUR de envío;desde Italia;
Gioco Game Boy Color All - Star Baseball Nintendo Derek Jeter Acclaim Regalo New;14,90 EUR;+ 5,00 EUR de envío;desde Italia;
Nintendo Game Boy Baseball Loose;20,00 EUR;+ 5,00 EUR de envío;desde Italia;
Baseball Kids [JAP] pour Game Boy - Advance - Pocket - Color;9,49 EUR;+ 12,00 EUR de envío;desde Francia;
